{"cameraMode":{"drawMode":0,"name":"Shaded","section":"Shading Mode"},"sceneLighting":true,"audioPlay":false,"sceneViewState":{"showFog":true,"showMaterialUpdate":true,"showSkybox":true,"showFlares":true,"showImageEffects":true,"showParticleSystems":true},"in2DMode":false,"pivot":{"x":516.1046142578125,"y":16.322111129760743,"z":619.7366943359375},"rotation":{"x":0.18753190338611604,"y":0.3410247564315796,"z":-0.06962543725967407,"w":0.9185255169868469},"size":4.898979663848877,"orthographic":false}