{"cameraMode":{"drawMode":0,"name":"Shaded","section":"Shading Mode"},"sceneLighting":true,"audioPlay":false,"sceneViewState":{"showFog":true,"showMaterialUpdate":false,"showSkybox":false,"showFlares":true,"showImageEffects":true,"showParticleSystems":true},"in2DMode":false,"pivot":{"x":27.91205406188965,"y":6.742336273193359,"z":-15.358516693115235},"rotation":{"x":-0.0014911534963175655,"y":0.9917756915092468,"z":-0.12745323777198792,"w":-0.011603396385908127},"size":4.898979663848877,"orthographic":false}