{"cameraMode":{"drawMode":0,"name":"Shaded","section":"Shading Mode"},"sceneLighting":true,"audioPlay":false,"sceneViewState":{"showFog":false,"showMaterialUpdate":false,"showSkybox":false,"showFlares":false,"showImageEffects":false,"showParticleSystems":false},"in2DMode":false,"pivot":{"x":-11.53790283203125,"y":23.91736602783203,"z":-205.41661071777345},"rotation":{"x":-0.2997240424156189,"y":-0.6907414793968201,"z":-0.3912912905216217,"w":0.5290912985801697},"size":78.5658187866211,"orthographic":true}