{"cameraMode":{"drawMode":0,"name":"Shaded","section":"Shading Mode"},"sceneLighting":true,"audioPlay":false,"sceneViewState":{"showFog":true,"showMaterialUpdate":true,"showSkybox":false,"showFlares":true,"showImageEffects":true,"showParticleSystems":true},"in2DMode":false,"pivot":{"x":26.332069396972658,"y":7.9270405769348148,"z":-11.908463478088379},"rotation":{"x":-0.026298802345991136,"y":0.9614349007606506,"z":-0.255248099565506,"w":-0.0990719124674797},"size":2.952350378036499,"orthographic":false}