{"cameraMode":{"drawMode":0,"name":"Shaded","section":"Shading Mode"},"sceneLighting":true,"audioPlay":false,"sceneViewState":{"showFog":true,"showMaterialUpdate":true,"showSkybox":false,"showFlares":true,"showImageEffects":true,"showParticleSystems":true},"in2DMode":false,"pivot":{"x":394.1729736328125,"y":45.58050537109375,"z":-128.01422119140626},"rotation":{"x":0.05126943066716194,"y":0.9118871688842773,"z":-0.12014437466859818,"w":0.3891097903251648},"size":774.7913818359375,"orthographic":false}