{"cameraMode":{"drawMode":0,"name":"Shaded","section":"Shading Mode"},"sceneLighting":true,"audioPlay":false,"sceneViewState":{"showFog":true,"showMaterialUpdate":true,"showSkybox":false,"showFlares":true,"showImageEffects":true,"showParticleSystems":true},"in2DMode":false,"pivot":{"x":6.049344062805176,"y":3.0483217239379885,"z":-3.4789865016937258},"rotation":{"x":0.15893012285232545,"y":-0.7076084613800049,"z":-0.16842342913150788,"w":-0.6675902009010315},"size":5.502387046813965,"orthographic":false}