{"cameraMode":{"drawMode":0,"name":"Shaded","section":"Shading Mode"},"sceneLighting":true,"audioPlay":false,"sceneViewState":{"showFog":true,"showMaterialUpdate":false,"showSkybox":true,"showFlares":true,"showImageEffects":true,"showParticleSystems":true},"in2DMode":false,"pivot":{"x":-4.595025062561035,"y":11.853414535522461,"z":-13.825742721557618},"rotation":{"x":-0.3630914092063904,"y":-0.5643016695976257,"z":0.6768205165863037,"w":-0.30272912979125979},"size":9.865681648254395,"orthographic":false}